,ID,Title,Classifier
0,jl_61956da39b445a3c,,
1,jl_b59a64d3298e7fe8,,
2,jl_f43cd8061406b3d7,,
3,jl_fbadb59b5f73dc18,,
4,jl_f5945f64ec7013e3,,
5,jl_70351b5092814475,biomedical data scientist,1.0
6,jl_50022587c7a4a8d9,,
7,jl_4fbc1d778df8203e,,
8,jl_04a882314da504d4,"mass spectrometry data analyst, usa-boston",0.0
9,jl_44da2bd2b0b7e145,,
10,jl_9a65d867c55198db,,
11,jl_85c4e91c561780aa,,
12,jl_b0b4a4c5be84240c,,
13,jl_6c9d0349b46d0aae,data insights analyst,0.0
14,jl_32062be6a68c7531,,
15,jl_e632343c455d80f9,,
16,jl_90603c7f1f0af480,,
17,jl_25732595a7113f45,,
18,jl_9315b3a96ad20ac0,,
19,jl_1b5a168dfc7b2712,data scientist,1.0
20,jl_1a7766c45b1abbeb,,
21,jl_25732595a7113f45,,
22,jl_54c0d6b8ad9f9e3d,,
23,jl_2370348e80d8c420,,
24,jl_ada8a7b4477d3923,senior computer/data scientist,1.0
25,jl_2d63f589c7b4584b,,
26,jl_cccc5118af562f28,,
27,jl_d8ed0aa611a75e92,data scientist - s.mohanty@scalable-systems.com,1.0
28,jl_d5e17d142783f070,,
29,jl_b3462acabd0f43c3,,
30,jl_28643ddfd474331d,,
31,jl_4ec3c1a1ffc6ff64,,
32,jl_45aa9a89795b5d2b,,
33,jl_b5b7c26924376b59,,
34,jl_ffb7f83fa7858f6a,,
35,jl_40aa8253449c2054,,
36,jl_ba19b2e0984e8e1f,,
37,jl_b8658ac1d1483ab5,,
38,jl_e80b58b3976b3590,,
39,jl_a638c3a55a1cfe96,,
40,jl_9d3c55e683467e2c,,
41,jl_36dcad16400764ce,,
42,jl_5f30454eae8a42bd,,
43,jl_0ea00cbc973dc761,,
44,jl_1401b9b87e5d55ee,,
45,jl_8dcb69dd20ec366f,,
46,jl_d6be8939fe1561a8,,
47,jl_00e49ce025b8313b,,
48,jl_01a41531e800513c,,
49,jl_b8bdbec632b9e81b,,
50,jl_2880167bb92def60,,
51,jl_bddee21cf5be8648,,
52,jl_445f9f72145ccbcc,,
53,jl_765c6fe3235a3127,,
54,jl_42e2d8b24d8c9d77,,
55,jl_24087644f126296d,data analyst,0.0
56,jl_5184ebe09a412e43,,
57,jl_acce68fa735f50b1,,
58,jl_3fe35a3fd27ebd9e,,
59,jl_dfef34cc5989dfbe,,
60,jl_acce68fa735f50b1,,
61,jl_2880167bb92def60,,
62,jl_c28f0284f9a5d601,,
63,jl_d433fe393f99e1f8,,
64,jl_dcc9b0bba01a9ef4,,
65,jl_26153368f016db6b,,
66,jl_021a7edb5cf4793f,,
67,jl_c5d858029d725c01,,
68,jl_b8bdbec632b9e81b,,
69,jl_5aee8fc316498244,,
70,jl_46dd5d3b34eb8095,,
71,jl_46f9749df0d852a5,,
72,jl_b856f9a5bc9b6cef,,
73,jl_8f9e18290694c76a,,
74,jl_3fe35a3fd27ebd9e,,
75,jl_72ed95a4455c8cf8,,
76,jl_ef63d9af1db6f2a3,postdoc in single cell rna-seq data analysis;1041603,0.0
77,jl_d1a877c30ca7a5e6,,
78,jl_033222419605ed3f,"scientist/sr. scientist, advanced microbiomic analytics",1.0
79,jl_b333e4ed28d84a15,,
80,jl_c12d42479c76b035,,
81,jl_7bf6f86c6e512271,,
82,jl_7d23fb51a6d2b792,,
83,jl_5a95e9f625751e1e,,
84,jl_5d12911ea59aa52c,,
85,jl_c6971ecdae3a7a30,,
86,jl_349882fce8422849,,
87,jl_033222419605ed3f,"scientist/sr. scientist, advanced microbiomic analytics",1.0
88,jl_26153368f016db6b,,
89,jl_5aee8fc316498244,,
90,jl_b333e4ed28d84a15,,
91,jl_0bb820bd8ae6e87b,research scientist,1.0
92,jl_bcc9dbeff863aadc,,
93,jl_4d9c42761434f0e0,,
94,jl_ef56b76c21a4dd91,,
95,jl_1eb955eee5c52fde,,
96,jl_96ee8324d1984eb3,,
97,jl_069e91ac98318cac,data scientist,1.0
98,jl_de6b3fb121b5f655,machine learning engineer,0.0
99,jl_8f9e18290694c76a,,
100,jl_4d9c42761434f0e0,,
101,jl_a3ee1268e985e69b,,
102,jl_069e91ac98318cac,data scientist,1.0
103,jl_76fd7622338daa26,,
104,jl_3eafa8edc774cce0,,
105,jl_40184ce37228c0fc,,
106,jl_c888c568c29a71b7,,
107,jl_3b58a2212af3ba86,,
108,jl_aef9f7ae2dc40433,,
109,jl_a4cb78b4a8c25e15,,
110,jl_1eb955eee5c52fde,,
111,jl_216284a90c10e500,,
112,jl_7134025708fe7144,,
113,jl_1c81b34b23854260,,
114,jl_a93cda6fbf6c0acb,,
115,jl_1330682865e84f87,,
116,jl_fd766cb0b544acf9,,
117,jl_54098a78bb27acec,,
118,jl_b9534037fb378bb2,,
119,jl_aad34d95918a1375,,
120,jl_cf7e056cb3fdf0c1,,
121,jl_cb5fcfa7b0df11f9,,
122,jl_bf971d59ae92d952,,
123,jl_a7b9a3ae92cb2fd0,,
124,jl_87cc4744248bbda8,,
125,jl_1d247feb6e5e4473,,
126,jl_73cb2723d093d5ec,bioinformatics scientist / analyst,1.0
127,jl_1056715d6afd92ce,,
128,jl_31572b6e494bcd16,,
129,jl_7fb1c8dce5f6ab7c,,
130,jl_aef9f7ae2dc40433,,
131,jl_41ce6f16b3e8d6ae,,
132,jl_10a1355277be089a,,
133,jl_cf7e056cb3fdf0c1,,
134,jl_6f5563a8aecb7790,,
135,jl_89b3b83a5b0fd82c,,
136,jl_1330682865e84f87,,
137,jl_e40649282f4e0b97,,
138,jl_5b215c1ea0687d2a,,
139,jl_c8d5cf12236e7ad2,,
140,jl_e962863ee226ea30,,
141,jl_74a2219a6d9549ea,computational biologist,0.0
142,jl_f7324a5474456020,,
143,jl_62f348807c98380f,,
144,jl_0aca95ef4434c6ee,,
145,jl_04a294feed2acb5a,"data scientist, inflammation and immunology research",1.0
146,jl_87cc4744248bbda8,,
147,jl_c97944ccb4e83d78,,
148,jl_98e3ed3fa737388c,,
149,jl_738e821e2461e436,,
150,jl_8d1ce1ebe045d70e,research analyst,0.0
151,jl_51f7d5598b866cd4,,
152,jl_3f4451e9ba7610d4,quant customer success engineer,0.0
153,jl_c8d5cf12236e7ad2,,
154,jl_52803441d6ca3148,,
155,jl_f7324a5474456020,,
156,jl_747d7a9796cc5430,,
157,jl_aad74f951fa95e1d,,
158,jl_e004d4a636195d2a,,
159,jl_6f5563a8aecb7790,,
160,jl_c909c9ad51aaa077,,
161,jl_0263bfdb91fafe44,,
162,jl_5d28fc7ff1e3bac0,,
163,jl_14d68df50c17fb50,,
164,jl_a097dba8f6b662a5,,
165,jl_21765dfd30090e51,,
166,jl_21d15e6f125bf3f4,,
167,jl_b607d6bf5749b7f5,,
168,jl_117c5543fad4be7e,,
169,jl_c3e4287a6aa69722,cancer scientist,1.0
170,jl_98e3ed3fa737388c,,
171,jl_117c5543fad4be7e,,
172,jl_90f2aa8945deddd6,,
173,jl_78cd346bfca06105,,
174,jl_0239d05ccad20209,,
175,jl_a097dba8f6b662a5,,
176,jl_5f758137c97b6296,,
177,jl_7372f3c988e4b2dd,,
178,jl_4ed85ce1d965e27a,,
179,jl_e752dc58b5b73639,,
180,jl_7d5cb2c0eb7b08b5,,
181,jl_6d0ea7974f64ab6b,,
182,jl_5d28fc7ff1e3bac0,,
183,jl_81cf0927167605ca,,
184,jl_14d68df50c17fb50,,
185,jl_b68b9094b18389f8,,
186,jl_7cbbb5f946c21409,,
187,jl_c3e4287a6aa69722,cancer scientist,1.0
188,jl_7fd98a87cf190b3a,,
189,jl_fa7ce5bb1c769944,,
190,jl_9778928e030197b4,,
191,jl_5b3e59d29118a745,,
192,jl_a41656f64a189287,,
193,jl_a7e5cadd2d2cf906,,
194,jl_770ee63428ff8a22,,
195,jl_8e9ee63abe942d45,,
196,jl_7178e8d45b83e932,,
197,jl_f6f1ba3951ca11b8,,
198,jl_cab74793e24f6c44,,
199,jl_d3d2760a9b93e139,,
200,jl_c49e7c5aea2f1cc1,sr. statistical programmer/ database manager,0.0
201,jl_1c5341f06a933eb2,,
202,jl_7a492d50ee9478d6,,
203,jl_210293386959b995,,
204,jl_6688a86229b5c894,,
205,jl_26e9169a1d60a22d,,
206,jl_ae5b9956e76c1984,senior computational scientist (deep/machine learning),1.0
207,jl_89469eecb86425a1,,
208,jl_edf3a3681ef7d8b0,hpc scientist at hft hedge fund,1.0
209,jl_e82006c295b44b56,,
210,jl_2e6ac746438cf653,"manager, data scientist",1.0
211,jl_86ee9e143418385c,,
212,jl_ae5b9956e76c1984,senior computational scientist (deep/machine learning),1.0
213,jl_89469eecb86425a1,,
214,jl_e82006c295b44b56,,
215,jl_7372f3c988e4b2dd,,
216,jl_6ba61a06f7d61f3d,,
217,jl_6d79f1400df90981,,
218,jl_13b08cdab1805097,data scientist,1.0
219,jl_0d10ec5c2c7c0452,,
220,jl_eaf8c9f2ab91b0e9,,
221,jl_c8bf61e39611ec97,,
222,jl_5ae12f4efea272ad,,
223,jl_ec0c0eb870136905,,
224,jl_f2cb98fa06493ae2,,
225,jl_0c91fdd07de88b93,,
226,jl_94691dc1a219a73b,lead statistical programmer,0.0
227,jl_6d79f1400df90981,,
228,jl_3a941a9b98254c6b,,
229,jl_2e6ac746438cf653,"manager, data scientist",1.0
230,jl_b9f2b2216a555168,,
231,jl_6fb22e28aa1ef231,,
232,jl_6ba61a06f7d61f3d,,
233,jl_5dd9ce0381739250,,
234,jl_2f8ed9c1c07107c8,,
235,jl_37d859c46ce1d31d,,
236,jl_fe2abf553834a492,,
237,jl_031a67c34387642a,,
238,jl_cc9965049fa248ee,"engineer/scientist i- monday-friday second shift, 2:30pm-12:00 am",1.0
239,jl_2d3a9d02c1b6f231,,
240,jl_89e155c2be3466f7,,
241,jl_81c5ad491188bbcb,,
242,jl_464dc2985c193a40,,
243,jl_2a31438012a7a082,,
244,jl_e2707ea0ca1ca78a,,
245,jl_98bed206eb115e04,"research scientist, advanced modeling",1.0
246,jl_86ee9e143418385c,,
247,jl_783b21cd0b562431,,
248,jl_7423411e6b8aa524,,
249,jl_3d221f094c0db8df,,
250,jl_5ae12f4efea272ad,,
251,jl_13bc1e588fba6589,,
252,jl_031a67c34387642a,,
253,jl_e339bb0f06dd3eff,,
254,jl_7c4bf4ba3b390ba4,,
255,jl_e74603b20ffdd818,,
256,jl_cc9965049fa248ee,"engineer/scientist i- monday-friday second shift, 2:30pm-12:00 am",1.0
257,jl_baa3869ed9b0b696,,
258,jl_39b6dfd1dadfb833,,
259,jl_ddc4022f1fb62759,,
260,jl_2a31438012a7a082,,
261,jl_e2707ea0ca1ca78a,,
262,jl_2d3a9d02c1b6f231,,
263,jl_3a8800e8ef8fa047,,
264,jl_c8bf61e39611ec97,,
265,jl_b9f2b2216a555168,,
266,jl_3d221f094c0db8df,,
267,jl_f5e6050e63495755,,
268,jl_413557e57c52570c,,
269,jl_d745b642c469a467,,
270,jl_041ab3b2be328f5f,,
271,jl_94691dc1a219a73b,lead statistical programmer,0.0
272,jl_8c0b545bd37b15e3,,
273,jl_0c91fdd07de88b93,,
274,jl_5e1006a9b5b5ba11,,
275,jl_12f9f6c8e1a4e8f2,,
276,jl_e7289f833bfae09f,,
277,jl_bb44b3b714d2e72e,"scientist, cancer immunology",1.0
278,jl_5710482d98dde322,,
279,jl_ab7313ff85a0837a,,
280,jl_3668e07841d11f27,,
281,jl_c70a89b5b8927e98,,
282,jl_5e1006a9b5b5ba11,,
283,jl_1541e1712853907a,,
284,jl_7c4bf4ba3b390ba4,,
285,jl_fa0e8bf423b57b57,,
286,jl_13b08cdab1805097,data scientist,1.0
287,jl_7536e0796c00e320,,
288,jl_8c9a8503843eebaf,,
289,jl_35d5422bda4d6ee0,,
290,jl_8ddc813ab6f21aa3,,
291,jl_34cd4decc3d1c299,,
292,jl_2b3024870a95445f,,
293,jl_89e155c2be3466f7,,
294,jl_a48e38e4fc09a2b9,,
295,jl_db4d72b5cf4045ce,,
296,jl_6fb22e28aa1ef231,,
297,jl_5dcae32cb98bfb9b,,
298,jl_f0e5a5f3a4324009,,
299,jl_93f69e4971617b43,,
300,jl_5c4c561c417a3a0e,,
301,jl_a988b8b70a31fd60,,
302,jl_62ecf80a6888205a,,
303,jl_b0f565490f5bfdb8,,
304,jl_2428059b13279bec,,
305,jl_16adc2284667102e,product research scientist,1.0
306,jl_6014667ea48259e7,,
307,jl_38ca74776ebc975e,,
308,jl_3f6261b9b9a49d31,,
309,jl_70df36f5ca083a49,,
310,jl_b057e1c66d27d8dc,immunogenicity scientist,1.0
311,jl_3a8800e8ef8fa047,,
312,jl_12f9f6c8e1a4e8f2,,
313,jl_169fef1d3acc08cb,,
314,jl_e7289f833bfae09f,,
315,jl_73b5bb618baf3c97,,
316,jl_5710482d98dde322,,
317,jl_6be50ac08077b401,computer security analyst,0.0
318,jl_ddc4022f1fb62759,,
319,jl_378f0a162d14fdb4,,
320,jl_72a3dfa78f5b7c5e,,
321,jl_3348d2c9671e8766,,
322,jl_1decb14aaba4187c,research analyst,0.0
323,jl_6be50ac08077b401,computer security analyst,0.0
324,jl_7d93bd3bbf3eb891,,
325,jl_3e6ac464d7d1e61b,,
326,jl_fecdd0d7bb49f6cb,research associate - early discovery,0.0
327,jl_1541e1712853907a,,
328,jl_af0b42d091a0a4b1,,
329,jl_95ca2d452994b200,,
330,jl_ad29321195a24b7c,,
331,jl_1decb14aaba4187c,research analyst,0.0
332,jl_413557e57c52570c,,
333,jl_af0b42d091a0a4b1,,
334,jl_b0f565490f5bfdb8,,
335,jl_d745b642c469a467,,
336,jl_51f17bf245f2adb5,qa engineer,0.0
337,jl_70df36f5ca083a49,,
338,jl_8c0b545bd37b15e3,,
339,jl_2428059b13279bec,,
340,jl_041ab3b2be328f5f,,
341,jl_8dfa55979c45310c,,
342,jl_5c4c561c417a3a0e,,
343,jl_d068a1ab962e6fe5,research associate – protein sciences,0.0
344,jl_fa8592452682f9a1,,
345,jl_72d61acf3427738a,,
346,jl_5abb8bf27f10d97e,,
347,jl_9d05b84e28df9769,,
348,jl_2f47af1fba61399f,sas statistical analyst perm role,0.0
349,jl_93f69e4971617b43,,
350,jl_73b5bb618baf3c97,,
351,jl_bcf70e6d5941022d,,
352,jl_61e70bda8e226387,,
353,jl_3075f4480f542210,,
354,jl_51e6fd504a62dc78,,
355,jl_865010fecd71f432,,
356,jl_5abb8bf27f10d97e,,
357,jl_bacb6a4b0522a8d1,,
358,jl_fb45435f476b8872,,
359,jl_499836e596261ad9,,
360,jl_abe32cd7f66050b6,,
361,jl_c41c8f0feb1ea275,,
362,jl_6c5f8f457868ac8d,biomarker researcher,0.0
363,jl_333ef52c376b4f9f,sas program / statistical analyst-data mining,0.0
364,jl_8dae2fdd4f70b950,,
365,jl_9aa6ad2020d28ea6,,
366,jl_7c4dc318ab72839c,,
367,jl_ffdf08bfd382ea3e,,
368,jl_1ff8e1f4f652f8ed,clinical research scientist,1.0
369,jl_9f58e96d8825bd3f,marketing research analyst,0.0
370,jl_8f00334a7d5ae38c,,
371,jl_981ea1cca891ad1d,,
372,jl_2f47af1fba61399f,sas statistical analyst perm role,0.0
373,jl_abe32cd7f66050b6,,
374,jl_ebebcbf8de1374ee,,
375,jl_82fd0f489c1fdce7,,
376,jl_548d5d6f4e260c19,,
377,jl_378f0a162d14fdb4,,
378,jl_c41c8f0feb1ea275,,
379,jl_1e5c9a3e43640c48,,
380,jl_0ee0327f48ba0a0d,database engineer/ spark engineer,0.0
381,jl_ffdf08bfd382ea3e,,
382,jl_9d22b3897a2804e9,,
383,jl_263a2f24f85debda,,
384,jl_9111ab7b84e5d1eb,project manager - bioinformatics,0.0
385,jl_ceddc9b51910c28c,,
386,jl_62832f65da3d94e5,,
387,jl_169fef1d3acc08cb,,
388,jl_d068a1ab962e6fe5,research associate – protein sciences,0.0
389,jl_5d23f27794c61840,,
390,jl_6a8c3a1fe942d40b,,
391,jl_75dc22d9171b4771,,
392,jl_95ca2d452994b200,,
393,jl_6014667ea48259e7,,
394,jl_6415bc43046064fa,,
395,jl_b032b6fbad9eae20,,
396,jl_bacb6a4b0522a8d1,,
397,jl_65ed38d200b56ac9,,
398,jl_9d22b3897a2804e9,,
399,jl_8ddc813ab6f21aa3,,
400,jl_0708474eb21f6cf6,,
401,jl_7e9e2d43b39f475d,,
402,jl_c793ca9a4578e709,,
403,jl_499836e596261ad9,,
404,jl_594de6f9221135af,procurement specialist – biotech industry,0.0
405,jl_f98dce131b521345,,
406,jl_797026b99e3fb913,,
407,jl_9e7471b3d81ee6b0,,
408,jl_d5000e1b28ef943a,,
409,jl_8bb2f0604ca3130f,,
410,jl_0708474eb21f6cf6,,
411,jl_feab5ba8fe68447e,,
412,jl_8dfa55979c45310c,,
413,jl_ad29321195a24b7c,,
414,jl_51f17bf245f2adb5,qa engineer,0.0
415,jl_03a7134583d29211,,
416,jl_40fb12be97ac5ab3,,
417,jl_594de6f9221135af,procurement specialist – biotech industry,0.0
418,jl_32701a6298181627,,
419,jl_649d2a93df3fefca,,
420,jl_d15eff22b8dbec67,,
421,jl_a3b107ebeefd41c5,,
422,jl_63f4fcf507f5f367,research scientist,1.0
423,jl_feee65f60f168d6e,,
424,jl_6a8c3a1fe942d40b,,
425,jl_143fdc9c1081012d,"research associate – hplc,gc,ms analytics",0.0
426,jl_fa8592452682f9a1,,
427,jl_c3eb39943a76df84,,
428,jl_0775c714e6f41f6c,,
429,jl_88b93cf557fdfd70,,
430,jl_16daf037db91e5d2,,
431,jl_23b719cdba1a6daf,,
432,jl_a67fe5b77afb9bcf,,
433,jl_debcabe0e4fb3f6c,senior scientist,1.0
434,jl_9baa2d80c25423e7,,
435,jl_ab7aa67f2f87eeab,,
436,jl_e7565f7e6153540d,,
437,jl_c3eb39943a76df84,,
438,jl_649d2a93df3fefca,,
439,jl_e14be6d3817957d1,,
440,jl_052b85a29e6051b8,,
441,jl_19efac55f39f8b84,,
442,jl_0775c714e6f41f6c,,
443,jl_5348f8e5059d9c0d,,
444,jl_92771cfb5916cfb8,field application scientist screener®,1.0
445,jl_d15eff22b8dbec67,,
446,jl_397e757ee9496a63,,
447,jl_70d479ba9a4bba68,,
448,jl_e169e3e130593e06,,
449,jl_feab5ba8fe68447e,,
450,jl_92c521610ec2a9e3,,
451,jl_ba7073323f646ec0,,
452,jl_fb8286adb29faf68,,
453,jl_136734dd84708706,,
454,jl_1288cdf1a948add9,,
455,jl_df6c83c586335166,,
456,jl_0374ae7e88caa699,,
457,jl_7ccd144baa4275ab,,
458,jl_39ec6f5ff5343675,,
459,jl_99001b2063368cc4,,
460,jl_296ab9058caf5e24,,
461,jl_2be39678142fa1a2,,
462,jl_70d479ba9a4bba68,,
463,jl_41e12aefba997056,,
464,jl_f43e40458ae750f7,,
465,jl_899906041b34b07b,,
466,jl_75dc22d9171b4771,,
467,jl_30e4d5ae69d55215,,
468,jl_03e0ebb3248afff0,statistical analyst,0.0
469,jl_53777f80cfd3de1d,,
470,jl_25edcaba583809a6,,
471,jl_cea26560728b1869,,
472,jl_052b85a29e6051b8,,
473,jl_136734dd84708706,,
474,jl_6be35d775daee8e3,,
475,jl_cbd87194f10be725,scientist usp temporary,1.0
476,jl_10becf8503b54a86,,
477,jl_da5e69e8f27d8f0d,,
478,jl_e14be6d3817957d1,,
479,jl_65ed38d200b56ac9,,
480,jl_57449db460ab8956,,
481,jl_f00342abd33b2727,,
482,jl_a412ce2e42fac419,,
483,jl_1f0fc9f9c271e3c6,,
484,jl_36c933df8d810383,,
485,jl_3f1a59e36fbf6c65,,
486,jl_78e929012461d450,,
487,jl_92c521610ec2a9e3,,
488,jl_3757062df8407316,,
489,jl_16f6a793da84afa0,,
490,jl_8b57cb2b6a269595,,
491,jl_5cb8f9f757e9af0e,,
492,jl_2487a56256a5607e,,
493,jl_899906041b34b07b,,
494,jl_a6e054a4c171a552,,
495,jl_a98ff5df6746a66a,,
496,jl_ecfc633bfef533ce,,
497,jl_ecb3f8dff0b8cfc0,,
498,jl_a6a332c03fae43ff,,
499,jl_6cc2143244cb3dae,,
500,jl_c70cb33067b1f007,,
501,jl_6d83b9b99c77c799,,
502,jl_a412ce2e42fac419,,
503,jl_8ae3342a8d253818,,
504,jl_c9e1f3cee4e096a2,,
505,jl_b7aafd3ad51d9533,,
506,jl_6454e8a52ec9fe83,,
507,jl_e41b953902711230,,
508,jl_125a5b87d702c81f,,
509,jl_3f1a59e36fbf6c65,,
510,jl_825cfcc79c23eaf1,associate scientist-gene therapy process development,1.0
511,jl_e6015114a9d9edc1,,
512,jl_81117a845679ae80,imaging scientist/firmware engineer,1.0
513,jl_2be39678142fa1a2,,
514,jl_c2e361dbb71ecbf8,,
515,jl_81aecdad83c51b93,"senior scientist/scientist, metabolic immuno-oncology",1.0
516,jl_e399641afa27d098,,
517,jl_1f7183b1ab902bdd,,
518,jl_16f6a793da84afa0,,
519,jl_6a6fd7e509abf9c0,"scientist/senior scientist – hplc,gc,ms analytics",1.0
520,jl_2297c2310db8a379,,
521,jl_08b65bbb554f9b30,,
522,jl_99001b2063368cc4,,
523,jl_d982439ac3fa61db,,
524,jl_ceca6d599f2c119e,,
525,jl_7c6833653354142f,,
526,jl_c0f9f1449260c9f7,,
527,jl_a6a332c03fae43ff,,
528,jl_c5fed7d21d5c5c5c,,
529,jl_0d83713f531b2f2c,associate scientist,1.0
530,jl_b7aafd3ad51d9533,,
531,jl_ba29f67e688108c5,,
532,jl_bc00d3beffb45e8d,,
533,jl_741b45fcb329b020,,
534,jl_e41b953902711230,,
535,jl_f82abfb1f011f22e,,
536,jl_4d96c101d81ece9b,,
537,jl_f1d75bcc461a2d03,,
538,jl_6d4e1b373e145561,,
539,jl_125a5b87d702c81f,,
540,jl_e1e3c806589293d1,,
541,jl_f00342abd33b2727,,
542,jl_945d2c24951198ea,,
543,jl_a9bcab5cfdbb706d,,
544,jl_443d83ee7b7f63a6,,
545,jl_958a012db430a8ef,,
546,jl_5a7aff08fd51ee2d,,
547,jl_04bb52a92d4f229d,,
548,jl_a07b381eaada21f2,,
549,jl_213867b59f3e1024,,
550,jl_dd76a1302329f6da,,
551,jl_8b57cb2b6a269595,,
552,jl_3057f60266379f36,,
553,jl_d628a3abc83f789c,,
554,jl_ad5d4131fa72ceb2,,
555,jl_866f0611498d20e9,field application specialist- boston,0.0
556,jl_c110f141fea2888f,,
557,jl_44ed8699ea9d3c02,,
558,jl_a83ca6a05172e660,,
559,jl_04bb52a92d4f229d,,
560,jl_76e55a15ce3bd2c1,,
561,jl_958a012db430a8ef,,
562,jl_71c768b4a96b87e2,clinical-scientific - biology scientists (in vitro) - 4881-1,1.0
563,jl_a6e054a4c171a552,,
564,jl_d3032d6d871ea037,senior associate scientist,1.0
565,jl_2cfb85aac6a33d4b,qc scientist ii - bioassay & cell culture,1.0
566,jl_acb104e5e58d3cfa,,
567,jl_6cc2143244cb3dae,,
568,jl_2487a56256a5607e,,
569,jl_c70cb33067b1f007,,
570,jl_f82abfb1f011f22e,,
571,jl_e4cbfeaf7760a4ef,,
572,jl_58c296e760903a10,,
573,jl_741b45fcb329b020,,
574,jl_860e0ccf2c016d3a,,
575,jl_e8f8047093724ebf,programmer/quantitative analyst,0.0
576,jl_009047ba89f82da3,,
577,jl_bc00d3beffb45e8d,,
578,jl_081289d765eecde9,,
579,jl_b11c3ebbe249447e,qc scientist ii,1.0
580,jl_31a3a1323e4740c5,"director, epidemiology/statistician",0.0
581,jl_888c13a083803b8a,,
582,jl_1ef2bd28d19cbcde,,
583,jl_3057f60266379f36,,
584,jl_2de1e7fa2507400e,,
585,jl_f1d75bcc461a2d03,,
586,jl_97b25fe20ce67086,,
587,jl_ee99d2f1d59e54e5,,
588,jl_76e55a15ce3bd2c1,,
589,jl_4d96c101d81ece9b,,
590,jl_e9cdde6fa8c4fe0f,,
591,jl_f141151e4cfaa7d9,,
592,jl_6437ecada5577748,development specialist ii,0.0
593,jl_ee99d2f1d59e54e5,,
594,jl_b11c3ebbe249447e,qc scientist ii,1.0
595,jl_13efc1b56d48ebb1,,
596,jl_5f0f4fe544fd2c7e,scientist assay development,1.0
597,jl_2d567cadcdaf3888,,
598,jl_fca550dfda4c85a5,,
599,jl_c69ac601f8be2a33,,
600,jl_7c09a9cc12d2ae6b,,
601,jl_33f74adee38cf5dc,"manager, applied human genetics;1042069",0.0
602,jl_80f2955f0cbfd8cd,,
603,jl_85877b09235dfab3,,
604,jl_92307eb3ac5acb6d,,
605,jl_5f0f4fe544fd2c7e,scientist assay development,1.0
606,jl_4576f50fc80a54eb,,
607,jl_153dc9d7804c5c70,,
608,jl_88e4143d49558a82,,
609,jl_fca550dfda4c85a5,,
610,jl_4cf5ae4c9c4893d1,contracts administrator - commercial,0.0
611,jl_651dde8bfb83dd0e,,
612,jl_6412bc32a8825a36,,
613,jl_8822f269cfc35271,,
614,jl_e63fec23065d5f44,,
615,jl_574b9b4afe67086d,,
616,jl_ee39ae71ab74406d,,
617,jl_df51eeafcdf15666,,
618,jl_b0a6f1bb09d9fce1,,
619,jl_5635b8cfe137421f,scientist – immunometabolism,1.0
620,jl_0f5a277f1db295fb,,
621,jl_9b476549089a6ff7,,
622,jl_fee5aa4c2c82fd91,,
623,jl_5635b8cfe137421f,scientist – immunometabolism,1.0
624,jl_8de4fed02cdae10f,,
625,jl_8ff5d2e895e45c61,,
626,jl_404bd34f24a158ba,,
627,jl_df51eeafcdf15666,,
628,jl_9e011332a094dd5f,,
629,jl_5a89ea030350bd4c,,
630,jl_213867b59f3e1024,,
631,jl_e1ff62eac4de641d,,
632,jl_ac781131720493cf,,
633,jl_0eec3ed19f8d32df,bioprocess research associate,0.0
634,jl_888c13a083803b8a,,
635,jl_7335d9c40edd1c85,bench scientist,1.0
636,jl_da9308efa5e50110,,
637,jl_58c296e760903a10,,
638,jl_153dc9d7804c5c70,,
639,jl_90452c5d44495aa1,,
640,jl_7467ce24d1eca107,,
641,jl_3dba818f040eb490,,
642,jl_8e4b02623f52b763,,
643,jl_90b9049bd790c8d6,,
644,jl_40269c8463be3015,,
645,jl_6d0b7bcd478dbb3c,,
646,jl_5a15d6aa44847d20,,
647,jl_8de4fed02cdae10f,,
648,jl_23869997048c5424,,
649,jl_4393cacf1078408f,,
650,jl_97b25fe20ce67086,,
651,jl_f1c3d4b10a1737a6,,
652,jl_0c0157eca798596c,research analyst - data entry/calling,0.0
653,jl_59c488f46eee381e,,
654,jl_081289d765eecde9,,
655,jl_b97a4744d470ac46,,
656,jl_7fa554dbadc6b190,research analyst internship - spring 2017,0.0
657,jl_8db0cd92498e762e,,
658,jl_92307eb3ac5acb6d,,
659,jl_685de1553b1c8ac2,,
660,jl_1ef2bd28d19cbcde,,
661,jl_64e7c1a629c83bc5,,
662,jl_256cf445cff32ba8,principle scientist,1.0
663,jl_7044442d48286082,,
664,jl_ee39ae71ab74406d,,
665,jl_f5264968f6e69951,,
666,jl_ddee65e2233881f4,,
667,jl_5a15d6aa44847d20,,
668,jl_860e0ccf2c016d3a,,
669,jl_15a70b8820b2ff47,,
670,jl_e82d2fa409c92914,,
671,jl_aed883c28a3fb71a,,
672,jl_db00a63829c3b92c,,
673,jl_59a620ca49b2ea24,,
674,jl_7467ce24d1eca107,,
675,jl_3dba818f040eb490,,
676,jl_b5fbf95706d473b4,,
677,jl_e5aab763760b2d36,,
678,jl_e81fef3c196bc1a6,,
679,jl_25caa726fe6d5e24,,
680,jl_9b476549089a6ff7,,
681,jl_b4c7c825a7a6b003,clinical data manager,0.0
682,jl_ab4893da67102aa6,,
683,jl_0c9c4d12f6d795af,,
684,jl_4e4376beed58ad79,,
685,jl_ee36f52bb9bd3cc4,,
686,jl_4542b72d737c908d,clinical-scientific - bench scientist - 4880-1,1.0
687,jl_e50079f12b84b9b6,,
688,jl_b1358ff61a89b5ab,market research and consulting analyst,0.0
689,jl_ee699275ca6bc820,,
690,jl_beabd7bf0b5b9e77,,
691,jl_8e3f019e13a60850,,
692,jl_0c9c4d12f6d795af,,
693,jl_4542b72d737c908d,clinical-scientific - bench scientist - 4880-1,1.0
694,jl_980d81e309c8ed39,,
695,jl_efe1f6009c414c19,"principal scientist – computational biology proteomics,1041062",1.0
696,jl_543dd69279176122,scientist i,1.0
697,jl_40269c8463be3015,,
698,jl_a93519cd9cc82925,,
699,jl_77ec63e387b3bce8,,
700,jl_085a5aa99230e5c0,,
701,jl_32122be46c858ee8,,
702,jl_ed80820ccc6ddf21,,
703,jl_88e4143d49558a82,,
704,jl_a40c538b91a4ab76,,
705,jl_11e49a84ac18592b,,
706,jl_8b7ca6450e2a0ccf,,
707,jl_3434e08258be7549,product development scientist/senior scientist - formulation,1.0
708,jl_48f5b9b2d09f9a08,,
709,jl_05d0173ba1252a91,,
710,jl_c3d8621a517b9399,,
711,jl_d328638e5718ebed,sr. scientist - bioanalytical dmpk,1.0
712,jl_db00a63829c3b92c,,
713,jl_48f5b9b2d09f9a08,,
714,jl_2cfe03ac3304523a,,
715,jl_d15a36bad3854041,,
716,jl_e5b80bea2dd0b64d,,
717,jl_6819841d9c89bd86,,
718,jl_aed883c28a3fb71a,,
719,jl_eb23be73ecee2709,senior accountant,0.0
720,jl_72b4bdcc910cb4ce,,
721,jl_8822f269cfc35271,,
722,jl_e472ddc967164c8b,,
723,jl_eb2b822c8e28280c,entry-level scientist,1.0
724,jl_863c82f3a6e6499c,,
725,jl_e5b80bea2dd0b64d,,
726,jl_45bdf40ebd63e2c4,,
727,jl_e64e49f8ea8aab88,,
728,jl_af1acc505fdeece5,,
729,jl_9441717ee65b9177,senior scientist – computational chemistry,1.0
730,jl_ffd840673234852c,,
731,jl_dc9231ae5b1abeed,,
732,jl_c3d8621a517b9399,,
733,jl_2cfe03ac3304523a,,
734,jl_30e157fb71ba8637,scientist ii (ngs),1.0
735,jl_5b3210d196d3e33b,,
736,jl_646ce7296f32f4e0,,
737,jl_e50079f12b84b9b6,,
738,jl_79425aad32838bd6,,
739,jl_d1b95e9aa3308340,research associate (animal& human cell immunology),0.0
740,jl_933aff337be8492f,,
741,jl_f9bbaff2734d2c07,,
742,jl_2217f56404b74f3b,,
743,jl_45bdf40ebd63e2c4,,
744,jl_53362a5ef6785fba,,
745,jl_711f6870454f056c,,
746,jl_646ce7296f32f4e0,,
747,jl_c1f99c0b01d840d0,,
748,jl_064ece79e3df6e13,,
749,jl_9ccc89d44358ba5a,,
750,jl_b5ce6f6be95d20fa,cgmp r&d manager,0.0
751,jl_ca0415673a82ada9,research analyst - pharma,0.0
752,jl_6afe6cf53719ff4d,director biostatistics;1042237,0.0
753,jl_eb23be73ecee2709,senior accountant,0.0
754,jl_74ca15f928a1ae74,,
755,jl_3825479dd089dc9f,research associate,0.0
756,jl_7e86e54d9fdbf163,,
757,jl_2de451d98d40d08f,lcms senior scientist – biomedicine design,1.0
758,jl_06b836eb618ffa74,biostatistician,0.0
759,jl_664c077a5bafbfea,,
760,jl_03646a271e03048e,,
761,jl_c588d107ec38a3c4,,
762,jl_c1f99c0b01d840d0,,
763,jl_711f6870454f056c,,
764,jl_ee36f52bb9bd3cc4,,
765,jl_ac93360c3a6eeca1,analytical scientist,1.0
766,jl_636a21ad19c3fcbb,senior scientist/seismologist,1.0
767,jl_1030cf7e8211fbba,,
768,jl_633a9c84744f3ab0,,
769,jl_8d8bcc4b94231180,immunogenicity senior principal scientist,1.0
770,jl_ef2d5c1ab846258e,"senior scientist cell based assays, 1041417",1.0
771,jl_077fcaea78c12b7b,,
772,jl_933aff337be8492f,,
773,jl_e9811bb71cffe5c4,,
774,jl_37e7ff36d5712e74,,
775,jl_810e9aac17e3fdf4,,
776,jl_a62c009a975f774d,,
777,jl_0e01538c7db6a1d2,,
778,jl_aca94848461bb4af,,
779,jl_186060c358262179,,
780,jl_15e6687f3ec87224,,
781,jl_ac93360c3a6eeca1,analytical scientist,1.0
782,jl_aa1721403e344083,,
783,jl_92444c8e49c260c6,"senior principal scientist- computational biologist,1040790",1.0
784,jl_077fcaea78c12b7b,,
785,jl_97a90ab695f12337,senior scientist- computational biologist,1.0
786,jl_3825479dd089dc9f,research associate,0.0
787,jl_06b836eb618ffa74,biostatistician,0.0
788,jl_633a9c84744f3ab0,,
789,jl_f7807a6ff42fa9cd,,
790,jl_1f6e760127e7b63c,,
791,jl_aca94848461bb4af,,
792,jl_e9811bb71cffe5c4,,
793,jl_1d622931c16bfc23,,
794,jl_d0d4f8b580dafc13,,
795,jl_ca0415673a82ada9,research analyst - pharma,0.0
796,jl_9c671f293ac4a7ff,"senior scientist, bioassay and impurity testing,1041427",1.0
797,jl_8a1f3a0d0a13121f,,
798,jl_1bcd8f5dff60d9ea,,
799,jl_0f2a521f54f66849,,
800,jl_032a4eee0ef08011,,
801,jl_b4b6456a72609881,,
802,jl_d19269bd7b02ec4d,sar image scientist - image formation,1.0
803,jl_952541280e473ae9,,
804,jl_42aae740801db526,molecular biologist,0.0
805,jl_df8bf9b054a58b3c,,
806,jl_ed895388b91796a2,,
807,jl_15591348118a4b44,,
808,jl_7d6452543cb80673,computational biologist,0.0
809,jl_1c9aeb7f87e00732,,
810,jl_afa5ee8086d0eced,,
811,jl_81224a41d2d4c369,,
812,jl_b03c777983d5b739,,
813,jl_b46f6221eeb3a253,,
814,jl_c3234fcad65e6300,,
815,jl_96015a8a6b83e4a2,,
816,jl_c5c4be7df5600aff,sar image scientist,1.0
817,jl_537c51a243de988e,,
818,jl_ce064112630ab6e3,,
819,jl_8a1f3a0d0a13121f,,
820,jl_b162eed165143b19,,
821,jl_2e39aba63958f821,sr. computer security analyst (issm),0.0
822,jl_37e7ff36d5712e74,,
823,jl_9f11d88d32527285,,
824,jl_68455d2dc943b499,,
825,jl_42aae740801db526,molecular biologist,0.0
826,jl_b4b6456a72609881,,
827,jl_d19269bd7b02ec4d,sar image scientist - image formation,1.0
828,jl_d82d9b3732788c99,,
829,jl_988e8c1eefab7d3a,,
830,jl_988e8c1eefab7d3a,,
831,jl_6c1208bc7aac6c1a,,
832,jl_835c4d64189de5c9,,
833,jl_0ec5dd47e2a91c42,,
834,jl_ec9d038790d4c362,,
835,jl_0f2a521f54f66849,,
836,jl_9cecb23bf8c2da16,,
837,jl_27952ac140bbbd06,,
838,jl_b305ee437b583d4e,gastrointestinal human organ systems investigator,0.0
839,jl_3284e7b7a6060942,,
840,jl_089f591e30eeed8c,,
841,jl_b7d512391f7b8533,statistician,0.0
842,jl_e6deaf69242f5fc7,,
843,jl_c802e30b1a4ae8a1,,
844,jl_565115cc3d2a2539,,
845,jl_825908bad8fc45b8,,
846,jl_c502cc5eeed7219b,,
847,jl_ec9d038790d4c362,,
848,jl_e411139b32fad4c4,,
849,jl_9cecb23bf8c2da16,,
850,jl_aa1721403e344083,,
851,jl_825908bad8fc45b8,,
852,jl_d82d9b3732788c99,,
853,jl_136bfce5dafd26e8,mid-level engineer/geologist/scientist,1.0
854,jl_08a6c1709bf1a02b,senior scientist microbiome research;1040517,1.0
855,jl_2e39aba63958f821,sr. computer security analyst (issm),0.0
856,jl_278117f393ec7ada,,
857,jl_b1c56c8b0184aa1a,,
858,jl_e6deaf69242f5fc7,,
859,jl_8d01e6c535b4a890,,
860,jl_7eca9830897e9cf3,,
861,jl_969fc7ccfae03e45,,
862,jl_136bfce5dafd26e8,mid-level engineer/geologist/scientist,1.0
863,jl_ed895388b91796a2,,
864,jl_b425320ca64968d7,,
865,jl_60fd5ca58cfdac0a,,
866,jl_0fbf587bef4e90eb,,
867,jl_4081ee078908251b,lcms senior scientist;1042278,1.0
868,jl_1db19e8a03f309f4,senior associate scientist – protein expression,1.0
869,jl_cd9cddef657eb0ef,,
870,jl_53ba38e06b12ceac,,
871,jl_ba4614716f918819,,
872,jl_09fc86b6840a40ea,"principal scientist, formulations (biologics)",1.0
873,jl_df85f4d467781d2b,,
874,jl_68455d2dc943b499,,
875,jl_7c0f0c72027254ef,,
876,jl_f7ec88b5f2e80966,,
877,jl_b0ac77f8058d126c,,
878,jl_9f11d88d32527285,,
879,jl_cd9cddef657eb0ef,,
880,jl_87031e141096a78e,,
881,jl_b140520982dd3d77,,
882,jl_5968364e73201f1f,,
883,jl_924d8b45572f5e59,,
884,jl_50639cbfc6508f11,,
885,jl_d27635c0172569a1,technical recruiter,0.0
886,jl_0355211d34b6c8da,,
887,jl_0fbf587bef4e90eb,,
888,jl_c02b490cb3149ab8,,
889,jl_93681f0484115f0c,,
890,jl_14682eae4320278e,,
891,jl_b3774e7570439b70,,
892,jl_496cf4c0a5e536d9,clinical development lead,0.0
893,jl_cd9d6a821ccebd35,,
894,jl_1b70f9b746843e7e,,
895,jl_0d428e4582c3e5e0,,
896,jl_747f6858a2be64e3,,
897,jl_06b803c3f0ea9bef,,
898,jl_86448e9d5bb15f3f,,
899,jl_b5e0539887534cc2,,
900,jl_d0b5b7f634634f51,,
901,jl_1155b9c0cb2e9ea7,,
902,jl_68a88791d07ab688,,
903,jl_4323fcbd22a29a1a,,
904,jl_e4d7af91d7f0f389,,
905,jl_a661922393f1bcfe,,
906,jl_9e903cec0f7fc7bb,,
907,jl_d6dfb1f1d63614b2,spar program coordinator,0.0
908,jl_d8174f18d927b76d,,
909,jl_56a526f9757fc61b,,
910,jl_ae9e4c7e01faa2c3,,
911,jl_0e485591e9a7daff,,
912,jl_8424422a297608b4,,
913,jl_96b2276dc6ba782e,,
914,jl_b75b1081037800a9,,
915,jl_05f19a5d24137747,,
916,jl_936f64d202f47fa3,,
917,jl_f62e92d1bb2e7f06,,
918,jl_e411139b32fad4c4,,
919,jl_05d122c5a0ad3761,,
920,jl_1f291dcc9338594d,,
921,jl_3ae4c8eac8d5c7be,,
922,jl_eb3d017bfeb92a97,product development scientist/sr. scientist-analytical development,1.0
923,jl_1d462ce7ed9df5e1,,
924,jl_bbc64dd2906bfedb,,
925,jl_54309aa697ac0d34,,
926,jl_5b812ed8af350a74,,
927,jl_d3952dc4c4d1b99a,,
928,jl_adb5c876631d27c4,,
929,jl_2c7ee2718213fa32,,
930,jl_710f66a6c716d386,,
931,jl_643f3e5fe979eaac,,
932,jl_6fce84d7aedcfa62,,
933,jl_c27b87e217c370b1,scientist,1.0
934,jl_7fdc1099541d5aeb,,
935,jl_5cef0c3c8fec89d8,,
936,jl_2f952787f067faf8,,
937,jl_57b148246084bd99,,
938,jl_fc88fe68f05aaf18,,
939,jl_32a011e572cc35b8,,
940,jl_d8174f18d927b76d,,
941,jl_c0dfece2cb14d963,,
942,jl_0e485591e9a7daff,,
943,jl_8d01e6c535b4a890,,
944,jl_68a88791d07ab688,,
945,jl_d6dfb1f1d63614b2,spar program coordinator,0.0
946,jl_8424422a297608b4,,
947,jl_c0aa1f152ee40365,,
948,jl_eb1474381d62bbfd,,
949,jl_560b29655820c67b,sr. clinical statistician,0.0
950,jl_58c89e962966af85,,
951,jl_05f19a5d24137747,,
952,jl_56a47672b46804ba,,
953,jl_32a011e572cc35b8,,
954,jl_c27b87e217c370b1,scientist,1.0
955,jl_2e526d09ec2e5e11,,
956,jl_ce70ddbe2c173865,,
957,jl_439123a7f45c64f1,,
958,jl_adb5c876631d27c4,,
959,jl_df85f4d467781d2b,,
960,jl_047b7e8442ef128a,"director of science, technology, mathematics, engineering",0.0
961,jl_560b29655820c67b,sr. clinical statistician,0.0
962,jl_569afe6d412e2980,,
963,jl_2a8c92f2a1334bd5,,
964,jl_7d4fe7cf28a1f0ad,,
965,jl_fc04adde63b4abd8,,
966,jl_2e526d09ec2e5e11,,
967,jl_547869f8a025fe67,,
968,jl_dc7b575443d8a1d9,,
969,jl_260a614757781bcf,,
970,jl_dc7b575443d8a1d9,,
971,jl_936f64d202f47fa3,,
972,jl_b0ee18cc14538704,,
973,jl_073e9d195cf4df0e,,
974,jl_7b3f6de755e399a4,,
975,jl_05057391e1c76b90,"senior scientist - downstream process development, pfizer andover, 1037988",1.0
976,jl_d93e9670644674b3,,
977,jl_d4af01204e873ebb,,
978,jl_7d4fe7cf28a1f0ad,,
979,jl_047b7e8442ef128a,"director of science, technology, mathematics, engineering",0.0
980,jl_202272d85630250e,,
981,jl_d93e9670644674b3,,
982,jl_e1e0192be81ac2d3,,
983,jl_18573129be2ef0f8,,
984,jl_6957a6f0219d8499,,
985,jl_073e9d195cf4df0e,,
986,jl_8a6dec5be23da4c8,,
987,jl_607a415fad0ea278,,
988,jl_a0be1705d18fc9f7,,
989,jl_56a47672b46804ba,,
990,jl_18573129be2ef0f8,,
991,jl_3ae4c8eac8d5c7be,,
992,jl_38f5684d89814092,,
993,jl_c40fe4ec32a42cdd,,
994,jl_83a939c502f1424d,,
995,jl_fc04adde63b4abd8,,
996,jl_2c7ee2718213fa32,,
997,jl_ce3b36ce4622d771,,
998,jl_547869f8a025fe67,,
999,jl_75a5388a6ec22e24,,
